"title","labels","body"
"Bug #001: Off-by-One Error","good first issue,documentation,bugs","An off-by-one error occurs when a loop, array access, or calculation is off by exactly one position. This is one of the most common bugs in programming, often called the ""fence-post problem."""
"Bug #002: Null/None Reference Exception","good first issue,documentation,bugs","A null reference exception (NullPointerException, AttributeError, etc.) occurs when you try to access a property or method on a variable that is `null`, `None`, or `undefined`."
"Bug #003: Type Mismatch","good first issue,documentation,bugs","A type mismatch error occurs when you try to use a value of one type where a different type is expected. This includes operations between incompatible types."
"Bug #004: Uninitialized Variables","good first issue,documentation,bugs","Using a variable before assigning it a value. The variable contains garbage data (whatever was previously at that memory location) leading to unpredictable behavior."
"Bug #005: Logic Inversion","good first issue,documentation,bugs","Logic inversion occurs when conditional statements are reversed - you write the opposite of what you intended. This causes correct inputs to fail and incorrect inputs to pass."
"Bug #006: Memory Leak","good first issue,documentation,bugs","A memory leak occurs when a program allocates memory but fails to release it back to the system. Over time, this wastes memory and can cause the program to slow down, use excessive RAM, or eventually crash."
"Bug #007: Infinite Loop","good first issue,documentation,bugs","An infinite loop is a loop that never terminates. The loop condition is always true, or the termination condition is never reached, causing the program to hang indefinitely."
"Bug #008: Copy vs Reference","good first issue,documentation,bugs","Confusion between copying a value versus copying a reference. In some languages, assignment creates a copy; in others, it creates a reference. Modifying one might unexpectedly modify the other."
"Bug #009: Race Condition","good first issue,documentation,bugs","A race condition occurs when multiple threads or processes access and modify shared data concurrently without proper synchronization. The outcome depends on the order of execution (which ""races"" fastest), leading to unpredictable results."
"Bug #010: Integer Division","good first issue,documentation,bugs","Integer division occurs when both operands of a division operation are integers. In most languages, this produces an integer result, discarding the decimal part (truncation) rather than rounding."
"Bug #011: String Manipulation Errors","good first issue,documentation,bugs","String manipulation errors occur when developers incorrectly process, concatenate, or transform strings, leading to unexpected results like truncated text, missing characters, or incorrect formatting. These bugs are common because strings are immutable in many languages, and developers often forget this behavior."
"Bug #012: Array Boundary Issues","good first issue,documentation,bugs","Array boundary issues occur when accessing array elements outside the valid index range (0 to length-1). This causes runtime errors, crashes, or undefined behavior. It's one of the most common bugs in C/C++ but also appears in all languages."
"Bug #013: Dictionary/Map Operation Errors","good first issue,documentation,bugs","Dictionary and map operation errors occur when accessing, modifying, or iterating over key-value collections incorrectly. These bugs include accessing non-existent keys, type mismatches in keys, and incorrect key-value pair handling."
"Bug #014: Floating Point Precision Errors","good first issue,documentation,bugs","Floating point precision errors occur when comparing or performing arithmetic with decimal numbers. Due to how computers store floating point numbers in binary, unexpected rounding errors and comparison failures occur. For example, 0.1 + 0.2 doesn't exactly equal 0.3."
"Bug #015: Variable Scope Issues","good first issue,documentation,bugs","Variable scope issues occur when variables are accessed outside their defined scope, or when developers misunderstand where a variable is accessible. This includes accessing variables before declaration, accessing outer scope when inner scope shadows them, or trying to use block-scoped variables globally."
"Bug #016: Function Parameter Passing Errors","good first issue,documentation,bugs","Function parameter passing errors occur when arguments are passed incorrectly to functions, or when developers misunderstand pass-by-value vs pass-by-reference semantics. This can result in unintended modifications, lost data, or type mismatches."
"Bug #017: Null Safety Check Failures","good first issue,documentation,bugs","Null safety check failures occur when code assumes a value is not null/None without verifying first, leading to null pointer exceptions, attribute errors, or crashes. This is one of programming's most famous bugs, called ""the billion-dollar mistake"" by Tony Hoare who invented null."
"Bug #018: Boolean Logic Errors","good first issue,documentation,bugs","Boolean logic errors occur when conditional statements use incorrect logical operators or misunderstand De Morgan's Laws. These subtle bugs can cause code to execute when it shouldn't or skip when it should. Common issues include using `&&` instead of `||`, incorrect `!` placement, or confused logic in complex conditionals."
"Bug #019: Exception Handling Failures","good first issue,documentation,bugs","Exception handling failures occur when exceptions are not caught, caught incorrectly, or when exception handling code doesn't properly recover from errors. This includes overly broad catch blocks, ignoring caught exceptions, not cleaning up resources, and missing error handling entirely."
"Bug #020: Resource Cleanup Failures","good first issue,documentation,bugs","Resource cleanup failures occur when system resources like file handles, database connections, memory, or network sockets are not properly released. This leads to resource exhaustion, memory leaks, and eventual system failure. Common in file I/O, database operations, and network programming."
"Bug #021: Iterator Invalidation","good first issue,documentation,bugs","Iterator invalidation occurs when modifying a collection while iterating over it, causing the iterator to become invalid or point to wrong elements. This leads to skipped elements, exceptions, or undefined behavior. Common in C++ STL, Java collections, and Python iterators."
"Bug #022: Comparison Operator Confusion","good first issue,documentation,bugs","Comparison operator confusion occurs when using wrong operators (`<` instead of `<=`, `!=` instead of `===`, etc.) in conditionals. This causes logic to execute incorrectly, boundaries to be wrong, or type coercion issues. A subtle but common source of bugs."
"Bug #023: String Encoding and Charset Issues","good first issue,documentation,bugs","String encoding issues occur when strings with non-ASCII characters (Unicode) are handled incorrectly. This includes encoding/decoding mistakes, charset mismatches, and data corruption. With global applications, this is increasingly important."
"Bug #024: Regular Expression Pattern Errors","good first issue,documentation,bugs","Regular expression (regex) pattern errors occur when regex patterns are written incorrectly, causing matches to fail, match wrong text, or perform unexpectedly. Regex is notoriously tricky, with subtle syntax differences between languages and easy-to-miss edge cases."
"Bug #025: Thread Synchronization Issues","good first issue,documentation,bugs","Thread synchronization issues occur in multithreaded programs when multiple threads access shared data without proper coordination. This causes race conditions, deadlocks, and data corruption. These are notoriously difficult bugs to reproduce and debug."
"Bug #026: File I/O and Path Handling Errors","good first issue,documentation,bugs","File I/O errors occur when handling files incorrectly - wrong paths, missing error handling, incorrect modes, or platform-specific path issues. These bugs cause data loss, application crashes, or security vulnerabilities."
"Bug #027: Network Timeout and Connection Errors","good first issue,documentation,bugs","Network timeout and connection errors occur when communicating with remote systems without proper timeout handling, retry logic, or error recovery. These bugs cause applications to hang, lose data, or fail to handle temporary network issues gracefully."
"Bug #028: Stack Overflow and Recursion Errors","good first issue,documentation,bugs","Stack overflow occurs when the call stack runs out of space, typically due to infinite recursion, excessively deep recursion, or allocation of huge objects on the stack. This causes crashes with no recovery possible."
"Bug #029: Database Query and SQL Injection","good first issue,documentation,bugs","Database query bugs occur when SQL queries are constructed incorrectly, causing data loss, security vulnerabilities (SQL injection), or incorrect results. SQL injection is particularly dangerous, allowing attackers to execute arbitrary code on the database."
"Bug #030: API Response Parsing and Deserialization Errors","good first issue,documentation,bugs","API response parsing errors occur when deserializing data from external APIs, leading to missing fields, type mismatches, null pointer exceptions, or silently ignoring errors. These bugs are common when APIs change or return unexpected formats."
